"งวดวันที่","รางวัลที่ 1","เลขท้าย 2 ตัว","เลขท้าย 3 ตัว",
"",
"1","กันยายน","2559","638","<font class=""brown"">6<u>84</u></font>","62","&nbsp;","<b>334</b>","<b>335</b>","630","<b>669</b>","&nbsp;",
"16","สิงหาคม","2559","254","<font class=""brown""><b>0<u>04</u></b></font>","<b>33</b>","&nbsp;","<b>366</b>","596","631","<b>966</b>","&nbsp;",
"1","สิงหาคม","2559","272","<font class=""brown"">9<u>32</u></font>","57","&nbsp;","472","538","871","983","&nbsp;",
"16","กรกฎาคม","2559","449","<font class=""brown"">7<u>64</u></font>","<b>55</b>","&nbsp;","158","<b>552</b>","734","925","&nbsp;",
"1","กรกฎาคม","2559","082","<font class=""brown"">4<u>60</u></font>","53","&nbsp;","169","173","302","609","&nbsp;",
"16","มิถุนายน","2559","073","<font class=""brown"">8<u>16</u></font>","79","&nbsp;","251","321","749","804","&nbsp;",
"1","มิถุนายน","2559","511","<font class=""brown"">8<u>25</u></font>","14","&nbsp;","<b>111</b>","<b>775</b>","<b>880</b>","937","&nbsp;",
"16","พฤษภาคม","2559","141","<font class=""brown""><b>7<u>37</u></b></font>","98","&nbsp;","087","268","382","975","&nbsp;",
"2","พฤษภาคม","2559","399","<font class=""brown"">4<u>59</u></font>","02","&nbsp;","046","238","403","671","&nbsp;",
"16","เมษายน","2559","221","<font class=""brown"">6<u>09</u></font>","87","&nbsp;","<b>008</b>","<b>228</b>","507","523","&nbsp;",
"1","เมษายน","2559","066","<font class=""brown"">7<u>20</u></font>","92","&nbsp;","285","390","546","852","&nbsp;",
"16","มีนาคม","2559","134","<font class=""brown"">9<u>18</u></font>","32","&nbsp;","<b>004</b>","<b>855</b>","<b>877</b>","973","&nbsp;",
"1","มีนาคม","2559","439","<font class=""brown""><b>6<u>86</u></b></font>","06","&nbsp;","<b>155</b>","426","530","743","&nbsp;",
"16","กุมภาพันธ์","2559","356","<font class=""brown"">3<u>64</u></font>","98","&nbsp;","309","312","<b>535</b>","<b>699</b>","&nbsp;",
"1","กุมภาพันธ์","2559","927","<font class=""brown""><b>8<u>00</u></b></font>","09","&nbsp;","054","076","625","<b>999</b>","&nbsp;",
"17","มกราคม","2559","304","<font class=""brown"">3<u>71</u></font>","50","&nbsp;","031","532","743","786","&nbsp;",
"30","ธันวาคม","2558","008","<font class=""brown"">2<u>17</u></font>","02","&nbsp;","246","264","596","895","&nbsp;",
"17","ธันวาคม","2558","930","<font class=""brown""><b>2<u>55</u></b></font>","08","&nbsp;","094","140","250","638","&nbsp;",
"1","ธันวาคม","2558","915","<font class=""brown"">3<u>50</u></font>","78","&nbsp;","175","<b>181</b>","238","714","&nbsp;",
"16","พฤศจิกายน","2558","795","<font class=""brown"">2<u>83</u></font>","03","&nbsp;","028","241","643","802","&nbsp;",
"1","พฤศจิกายน","2558","361","<font class=""brown""><b>2<u>11</u></b></font>","45","&nbsp;","106","<b>166</b>","473","<b>757</b>","&nbsp;",
"16","ตุลาคม","2558","968","<font class=""brown"">6<u>30</u></font>","62","&nbsp;","054","134","412","457","&nbsp;",
"1","ตุลาคม","2558","594","<font class=""brown"">8<u>25</u></font>","07","&nbsp;","175","<b>440</b>","<b>799</b>","918","&nbsp;",
"16","กันยายน","2558","743","<font class=""brown"">1<u>48</u></font>","06","&nbsp;","084","209","375","435","&nbsp;",
"1","กันยายน","2558","021","<font class=""brown"">0<u>94</u></font>","89","&nbsp;","068","260","403","819","&nbsp;",
"16","สิงหาคม","2558","033","<font class=""brown""><b>3<u>63</u></b></font>","40","&nbsp;","<b>227</b>","624","648","781","&nbsp;",
"1","สิงหาคม","2558","518","<font class=""brown""><b>6<u>77</u></b></font>","53","&nbsp;","<b>333</b>","598","648","<b>889</b>","&nbsp;",
"16","กรกฎาคม","2558","121","<font class=""brown"">5<u>07</u></font>","49","&nbsp;","294","461","761","830","&nbsp;",
"1","กรกฎาคม","2558","759","<font class=""brown"">0<u>49</u></font>","26","&nbsp;","081","<b>565</b>","567","814","&nbsp;",
"16","มิถุนายน","2558","644","<font class=""brown"">7<u>42</u></font>","05","&nbsp;","253","386","429","532","&nbsp;",
"2","มิถุนายน","2558","388","<font class=""brown""><b>8<u>81</u></b></font>","65","&nbsp;","314","<b>700</b>","876","<b>969</b>","&nbsp;",
"16","พฤษภาคม","2558","011","<font class=""brown"">4<u>21</u></font>","38","&nbsp;","<b>484</b>","<b>799</b>","851","928","&nbsp;",
"2","พฤษภาคม","2558","543","<font class=""brown""><b>4<u>66</u></b></font>","30","&nbsp;","163","195","<b>366</b>","<b>818</b>","&nbsp;",
"16","เมษายน","2558","506","<font class=""brown"">2<u>60</u></font>","38","&nbsp;","<b>101</b>","164","495","973","&nbsp;",
"1","เมษายน","2558","605","<font class=""brown"">7<u>04</u></font>","70","&nbsp;","<b>557</b>","<b>558</b>","861","962","&nbsp;",
"16","มีนาคม","2558","048","<font class=""brown""><b>1<u>51</u></b></font>","92","&nbsp;","<b>339</b>","<b>622</b>","623","<b>757</b>","&nbsp;",
"1","มีนาคม","2558","240","<font class=""brown"">2<u>37</u></font>","34","&nbsp;","<b>008</b>","031","498","857","&nbsp;",
"16","กุมภาพันธ์","2558","001","<font class=""brown"">8<u>64</u></font>","90","&nbsp;","103","392","825","843","&nbsp;",
"1","กุมภาพันธ์","2558","155","<font class=""brown"">5<u>37</u></font>","79","&nbsp;","<b>008</b>","083","286","813","&nbsp;",
"16","มกราคม","2558","244","<font class=""brown"">3<u>51</u></font>","74","&nbsp;","068","398","<b>595</b>","<b>877</b>","&nbsp;",
"30","ธันวาคม","2557","461","<font class=""brown"">7<u>04</u></font>","57","&nbsp;","<b>535</b>","853","950","982","&nbsp;",
"16","ธันวาคม","2557","948","<font class=""brown"">3<u>54</u></font>","90","&nbsp;","<b>080</b>","763","<b>775</b>","901","&nbsp;",
"1","ธันวาคม","2557","480","<font class=""brown""><b>4<u>49</u></b></font>","<b>11</b>","&nbsp;","<b>161</b>","380","580","820","&nbsp;",
"16","พฤศจิกายน","2557","479","<font class=""brown"">8<u>04</u></font>","25","&nbsp;","179","<b>422</b>","480","709","&nbsp;",
"1","พฤศจิกายน","2557","206","<font class=""brown"">6<u>08</u></font>","<b>44</b>","&nbsp;","203","607","<b>855</b>","<b>979</b>","&nbsp;",
"16","ตุลาคม","2557","656","<font class=""brown"">4<u>09</u></font>","94","&nbsp;","647","784","<b>848</b>","910","&nbsp;",
"1","ตุลาคม","2557","375","<font class=""brown"">6<u>15</u></font>","<b>44</b>","&nbsp;","086","159","251","520","&nbsp;",
"16","กันยายน","2557","772","<font class=""brown"">2<u>69</u></font>","35","&nbsp;","<b>112</b>","257","342","790","&nbsp;",
"1","กันยายน","2557","856","<font class=""brown"">7<u>63</u></font>","<b>22</b>","&nbsp;","308","<b>477</b>","490","912","&nbsp;",
"16","สิงหาคม","2557","662","<font class=""brown"">8<u>42</u></font>","91","&nbsp;","187","<b>633</b>","639","912","&nbsp;",
"1","สิงหาคม","2557","766","<font class=""brown"">3<u>91</u></font>","82","&nbsp;","349","576","623","637","&nbsp;",
"10","กรกฎาคม","2557","468","<font class=""brown"">7<u>28</u></font>","45","&nbsp;","104","<b>117</b>","205","<b>944</b>","&nbsp;",
"1","กรกฎาคม","2557","378","<font class=""brown""><b>4<u>77</u></b></font>","39","&nbsp;","123","271","<b>441</b>","864","&nbsp;",
"16","มิถุนายน","2557","673","<font class=""brown"">9<u>20</u></font>","95","&nbsp;","140","158","576","639","&nbsp;",
"1","มิถุนายน","2557","781","<font class=""brown"">1<u>98</u></font>","18","&nbsp;","160","324","409","<b>636</b>","&nbsp;",
"16","พฤษภาคม","2557","087","<font class=""brown"">5<u>23</u></font>","20","&nbsp;","<b>112</b>","150","246","<b>505</b>","&nbsp;",
"2","พฤษภาคม","2557","103","<font class=""brown"">2<u>97</u></font>","52","&nbsp;","143","158","673","<b>797</b>","&nbsp;",
"16","เมษายน","2557","153","<font class=""brown"">4<u>06</u></font>","26","&nbsp;","013","<b>344</b>","<b>355</b>","634","&nbsp;",
"1","เมษายน","2557","028","<font class=""brown""><b>8<u>66</u></b></font>","95","&nbsp;","186","<b>499</b>","835","938","&nbsp;",
"16","มีนาคม","2557","531","<font class=""brown""><b>4<u>04</u></b></font>","79","&nbsp;","250","305","<b>400</b>","904","&nbsp;",
"1","มีนาคม","2557","906","<font class=""brown"">3<u>18</u></font>","35","&nbsp;","<b>116</b>","537","753","798","&nbsp;",
"16","กุมภาพันธ์","2557","384","<font class=""brown"">2<u>45</u></font>","01","&nbsp;","074","397","521","530","&nbsp;",
"1","กุมภาพันธ์","2557","180","<font class=""brown"">1<u>49</u></font>","95","&nbsp;","406","492","<b>888</b>","976","&nbsp;",
"16","มกราคม","2557","306","<font class=""brown"">9<u>02</u></font>","52","&nbsp;","<b>077</b>","149","<b>242</b>","510","&nbsp;",
"30","ธันวาคม","2556","561","<font class=""brown"">0<u>72</u></font>","48","&nbsp;","275","503","513","750","&nbsp;",
"16","ธันวาคม","2556","341","<font class=""brown""><b>7<u>67</u></b></font>","79","&nbsp;","<b>111</b>","<b>228</b>","742","826","&nbsp;",
"1","ธันวาคม","2556","168","<font class=""brown"">7<u>95</u></font>","27","&nbsp;","074","734","<b>766</b>","980","&nbsp;",
"16","พฤศจิกายน","2556","806","<font class=""brown"">9<u>25</u></font>","28","&nbsp;","069","304","672","753","&nbsp;",
"1","พฤศจิกายน","2556","739","<font class=""brown"">8<u>04</u></font>","47","&nbsp;","<b>020</b>","173","256","502","&nbsp;",
"16","ตุลาคม","2556","963","<font class=""brown"">2<u>89</u></font>","60","&nbsp;","402","529","876","952","&nbsp;",
"1","ตุลาคม","2556","647","<font class=""brown""><b>8<u>82</u></b></font>","14","&nbsp;","028","324","576","650","&nbsp;",
"16","กันยายน","2556","562","<font class=""brown"">6<u>84</u></font>","63","&nbsp;","056","235","574","754","&nbsp;",
"1","กันยายน","2556","548","<font class=""brown"">1<u>23</u></font>","05","&nbsp;","045","281","570","<b>800</b>","&nbsp;",
"16","สิงหาคม","2556","321","<font class=""brown"">3<u>27</u></font>","20","&nbsp;","201","417","<b>448</b>","945","&nbsp;",
"1","สิงหาคม","2556","356","<font class=""brown"">4<u>35</u></font>","82","&nbsp;","329","451","718","<b>880</b>","&nbsp;",
"16","กรกฎาคม","2556","566","<font class=""brown""><b>9<u>96</u></b></font>","86","&nbsp;","210","352","526","584","&nbsp;",
"1","กรกฎาคม","2556","646","<font class=""brown"">9<u>05</u></font>","51","&nbsp;","075","284","903","904","&nbsp;",
"16","มิถุนายน","2556","289","<font class=""brown"">6<u>73</u></font>","69","&nbsp;","098","<b>114</b>","390","502","&nbsp;",
"1","มิถุนายน","2556","935","<font class=""brown"">4<u>89</u></font>","90","&nbsp;","480","713","716","768","&nbsp;",
"16","พฤษภาคม","2556","687","<font class=""brown"">1<u>25</u></font>","56","&nbsp;","034","261","390","945","&nbsp;",
"2","พฤษภาคม","2556","603","<font class=""brown"">4<u>58</u></font>","07","&nbsp;","<b>272</b>","359","516","830","&nbsp;",
"16","เมษายน","2556","843","<font class=""brown"">8<u>46</u></font>","86","&nbsp;","<b>828</b>","834","862","906","&nbsp;",
"1","เมษายน","2556","571","<font class=""brown""><b>6<u>88</u></b></font>","53","&nbsp;","170","430","670","725","&nbsp;",
"16","มีนาคม","2556","968","<font class=""brown""><b>4<u>33</u></b></font>","52","&nbsp;","175","529","860","<b>959</b>","&nbsp;",
"1","มีนาคม","2556","976","<font class=""brown"">2<u>41</u></font>","37","&nbsp;","<b>133</b>","721","<b>775</b>","972","&nbsp;",
"16","กุมภาพันธ์","2556","368","<font class=""brown"">2<u>57</u></font>","09","&nbsp;","109","386","657","708","&nbsp;",
"1","กุมภาพันธ์","2556","565","<font class=""brown""><b>5<u>66</u></b></font>","<b>66</b>","&nbsp;","452","641","695","782","&nbsp;",
"16","มกราคม","2556","820","<font class=""brown"">9<u>81</u></font>","08","&nbsp;","196","<b>334</b>","374","<b>555</b>","&nbsp;",
"30","ธันวาคม","2555","302","<font class=""brown"">3<u>58</u></font>","<b>00</b>","&nbsp;","126","589","832","864","&nbsp;",
"16","ธันวาคม","2555","529","<font class=""brown"">5<u>24</u></font>","72","&nbsp;","<b>008</b>","734","745","<b>778</b>","&nbsp;",
"1","ธันวาคม","2555","110","<font class=""brown""><b>4<u>43</u></b></font>","43","&nbsp;","<b>303</b>","<b>434</b>","489","<b>553</b>","&nbsp;",
"16","พฤศจิกายน","2555","639","<font class=""brown""><b>5<u>00</u></b></font>","15","&nbsp;","560","576","627","804","&nbsp;",
"1","พฤศจิกายน","2555","524","<font class=""brown"">6<u>94</u></font>","63","&nbsp;","<b>188</b>","217","285","<b>338</b>","&nbsp;",
"16","ตุลาคม","2555","281","<font class=""brown""><b>3<u>43</u></b></font>","28","&nbsp;","089","152","396","<b>868</b>","&nbsp;",
"1","ตุลาคม","2555","124","<font class=""brown"">0<u>25</u></font>","58","&nbsp;","291","<b>554</b>","873","940","&nbsp;",
"16","กันยายน","2555","540","<font class=""brown"">1<u>43</u></font>","79","&nbsp;","123","<b>242</b>","752","<b>770</b>","&nbsp;",
"1","กันยายน","2555","329","<font class=""brown""><b>9<u>97</u></b></font>","07","&nbsp;","148","598","639","736","&nbsp;",
"16","สิงหาคม","2555","683","<font class=""brown""><b>8<u>77</u></b></font>","28","&nbsp;","032","612","730","<b>775</b>","&nbsp;",
"1","สิงหาคม","2555","895","<font class=""brown"">5<u>90</u></font>","50","&nbsp;","<b>599</b>","745","796","820","&nbsp;",
"16","กรกฎาคม","2555","904","<font class=""brown""><b>0<u>50</u></b></font>","<b>11</b>","&nbsp;","042","159","<b>224</b>","897","&nbsp;",
"1","กรกฎาคม","2555","915","<font class=""brown""><b>9<u>00</u></b></font>","60","&nbsp;","530","<b>611</b>","<b>656</b>","715","&nbsp;",
"16","มิถุนายน","2555","159","<font class=""brown""><b>3<u>73</u></b></font>","51","&nbsp;","238","479","547","790","&nbsp;",
"1","มิถุนายน","2555","882","<font class=""brown""><b>7<u>27</u></b></font>","38","&nbsp;","<b>399</b>","576","<b>606</b>","895","&nbsp;",
"16","พฤษภาคม","2555","814","<font class=""brown"">4<u>18</u></font>","31","&nbsp;","<b>101</b>","309","504","902","&nbsp;",
"2","พฤษภาคม","2555","889","<font class=""brown"">5<u>01</u></font>","29","&nbsp;","426","468","589","597","&nbsp;",
"16","เมษายน","2555","583","<font class=""brown"">4<u>70</u></font>","62","&nbsp;","<b>088</b>","216","<b>722</b>","754","&nbsp;",
"1","เมษายน","2555","257","<font class=""brown"">5<u>62</u></font>","69","&nbsp;","074","<b>332</b>","581","<b>616</b>","&nbsp;",
"16","มีนาคม","2555","607","<font class=""brown"">0<u>64</u></font>","08","&nbsp;","<b>333</b>","350","573","<b>606</b>","&nbsp;",
"1","มีนาคม","2555","222","<font class=""brown"">5<u>18</u></font>","79","&nbsp;","135","<b>199</b>","295","<b>711</b>","&nbsp;",
"16","กุมภาพันธ์","2555","648","<font class=""brown"">6<u>84</u></font>","18","&nbsp;","<b>111</b>","214","420","906","&nbsp;",
"1","กุมภาพันธ์","2555","320","<font class=""brown"">6<u>05</u></font>","32","&nbsp;","426","498","598","749","&nbsp;",
"16","มกราคม","2555","451","<font class=""brown""><b>4<u>45</u></b></font>","81","&nbsp;","150","328","639","941","&nbsp;",
"30","ธันวาคม","2554","526","<font class=""brown"">4<u>02</u></font>","65","&nbsp;","026","168","541","597","&nbsp;",
"16","ธันวาคม","2554","884","<font class=""brown"">1<u>78</u></font>","21","&nbsp;","235","295","651","784","&nbsp;",
"1","ธันวาคม","2554","408","<font class=""brown"">1<u>47</u></font>","02","&nbsp;","253","739","857","<b>922</b>","&nbsp;",
"16","พฤศจิกายน","2554","997","<font class=""brown""><b>7<u>77</u></b></font>","57","&nbsp;","406","425","<b>551</b>","<b>993</b>","&nbsp;",
"1","พฤศจิกายน","2554","805","<font class=""brown"">5<u>40</u></font>","54","&nbsp;","065","<b>221</b>","380","<b>771</b>","&nbsp;",
"16","ตุลาคม","2554","955","<font class=""brown"">7<u>56</u></font>","83","&nbsp;","057","329","507","<b>991</b>","&nbsp;",
"1","ตุลาคม","2554","511","<font class=""brown"">0<u>52</u></font>","15","&nbsp;","104","189","<b>499</b>","957","&nbsp;",
"16","กันยายน","2554","731","<font class=""brown"">1<u>98</u></font>","28","&nbsp;","384","589","645","812","&nbsp;",
"1","กันยายน","2554","724","<font class=""brown""><b>5<u>33</u></b></font>","85","&nbsp;","021","<b>533</b>","821","847","&nbsp;",
"16","สิงหาคม","2554","536","<font class=""brown"">9<u>60</u></font>","62","&nbsp;","<b>005</b>","074","345","814","&nbsp;",
"1","สิงหาคม","2554","218","<font class=""brown"">7<u>56</u></font>","12","&nbsp;","<b>221</b>","583","<b>660</b>","703","&nbsp;",
"16","กรกฎาคม","2554","116","<font class=""brown""><b>5<u>56</u></b></font>","12","&nbsp;","052","<b>227</b>","534","609","&nbsp;",
"1","กรกฎาคม","2554","622","<font class=""brown"">9<u>53</u></font>","51","&nbsp;","160","390","463","780","&nbsp;",
"16","มิถุนายน","2554","351","<font class=""brown"">2<u>76</u></font>","<b>88</b>","&nbsp;","162","167","486","582","&nbsp;",
"1","มิถุนายน","2554","562","<font class=""brown"">3<u>70</u></font>","46","&nbsp;","346","<b>556</b>","<b>656</b>","801","&nbsp;",
"16","พฤษภาคม","2554","406","<font class=""brown"">4<u>17</u></font>","05","&nbsp;","<b>044</b>","071","<b>700</b>","<b>889</b>","&nbsp;",
"2","พฤษภาคม","2554","054","<font class=""brown"">1<u>36</u></font>","85","&nbsp;","<b>133</b>","421","524","945","&nbsp;",
"16","เมษายน","2554","825","<font class=""brown""><b>9<u>88</u></b></font>","<b>44</b>","&nbsp;","213","263","397","593","&nbsp;",
"1","เมษายน","2554","814","<font class=""brown"">9<u>31</u></font>","01","&nbsp;","036","<b>040</b>","584","723","&nbsp;",
"16","มีนาคม","2554","593","<font class=""brown""><b>3<u>31</u></b></font>","96","&nbsp;","209","463","<b>737</b>","945","&nbsp;",
"1","มีนาคม","2554","656","<font class=""brown"">0<u>37</u></font>","97","&nbsp;","357","396","<b>544</b>","926","&nbsp;",
"16","กุมภาพันธ์","2554","481","<font class=""brown"">7<u>46</u></font>","27","&nbsp;","384","<b>388</b>","510","<b>535</b>","&nbsp;",
"1","กุมภาพันธ์","2554","610","<font class=""brown"">0<u>89</u></font>","<b>55</b>","&nbsp;","<b>121</b>","361","432","596","&nbsp;",
"16","มกราคม","2554","281","<font class=""brown"">0<u>62</u></font>","23","&nbsp;","185","<b>227</b>","546","758","&nbsp;",
"30","ธันวาคม","2553","884","<font class=""brown""><b>1<u>12</u></b></font>","49","&nbsp;","153","186","<b>933</b>","936","&nbsp;",
"16","ธันวาคม","2553","334","<font class=""brown"">3<u>80</u></font>","24","&nbsp;","306","315","529","<b>533</b>","&nbsp;",
"1","ธันวาคม","2553","181","<font class=""brown"">7<u>52</u></font>","09","&nbsp;","086","470","<b>474</b>","<b>664</b>","&nbsp;",
"16","พฤศจิกายน","2553","813","<font class=""brown""><b>9<u>93</u></b></font>","43","&nbsp;","129","763","907","<b>979</b>","&nbsp;",
"1","พฤศจิกายน","2553","191","<font class=""brown""><b>1<u>00</u></b></font>","59","&nbsp;","653","739","801","968","&nbsp;",
"16","ตุลาคม","2553","621","<font class=""brown""><b>3<u>77</u></b></font>","42","&nbsp;","310","385","518","872","&nbsp;",
"1","ตุลาคม","2553","488","<font class=""brown"">3<u>72</u></font>","02","&nbsp;","<b>003</b>","091","246","<b>996</b>","&nbsp;",
"16","กันยายน","2553","017","<font class=""brown""><b>4<u>22</u></b></font>","<b>66</b>","&nbsp;","075","103","316","431","&nbsp;",
"1","กันยายน","2553","354","<font class=""brown""><b>6<u>56</u></b></font>","<b>11</b>","&nbsp;","096","570","<b>656</b>","784","&nbsp;",
"16","สิงหาคม","2553","911","<font class=""brown"">0<u>97</u></font>","64","&nbsp;","<b>448</b>","578","689","986","&nbsp;",
"1","สิงหาคม","2553","210","<font class=""brown""><b>0<u>08</u></b></font>","10","&nbsp;","182","<b>191</b>","<b>727</b>","769","&nbsp;",
"16","กรกฎาคม","2553","180","<font class=""brown"">3<u>87</u></font>","34","&nbsp;","024","219","309","572","&nbsp;",
"1","กรกฎาคม","2553","480","<font class=""brown"">2<u>39</u></font>","68","&nbsp;","450","893","918","961","&nbsp;",
"16","มิถุนายน","2553","500","<font class=""brown"">1<u>04</u></font>","73","&nbsp;","<b>200</b>","628","681","816","&nbsp;",
"1","มิถุนายน","2553","444","<font class=""brown"">8<u>74</u></font>","81","&nbsp;","298","374","673","<b>996</b>","&nbsp;",
"16","พฤษภาคม","2553","480","<font class=""brown"">0<u>12</u></font>","12","&nbsp;","<b>008</b>","<b>151</b>","293","<b>770</b>","&nbsp;",
"2","พฤษภาคม","2553","360","<font class=""brown"">3<u>71</u></font>","06","&nbsp;","<b>040</b>","382","517","618","&nbsp;",
"16","เมษายน","2553","211","<font class=""brown"">7<u>43</u></font>","96","&nbsp;","154","285","<b>744</b>","<b>811</b>","&nbsp;",
"1","เมษายน","2553","959","<font class=""brown"">5<u>17</u></font>","<b>22</b>","&nbsp;","<b>040</b>","174","<b>447</b>","<b>663</b>","&nbsp;",
"16","มีนาคม","2553","364","<font class=""brown""><b>2<u>22</u></b></font>","97","&nbsp;","<b>229</b>","619","756","<b>996</b>","&nbsp;",
"1","มีนาคม","2553","215","<font class=""brown""><b>2<u>27</u></b></font>","97","&nbsp;","374","457","470","627","&nbsp;",
"16","กุมภาพันธ์","2553","133","<font class=""brown""><b>7<u>07</u></b></font>","03","&nbsp;","026","137","362","985","&nbsp;",
"1","กุมภาพันธ์","2553","186","<font class=""brown"">3<u>12</u></font>","14","&nbsp;","403","<b>577</b>","694","936","&nbsp;",
"16","มกราคม","2553","073","<font class=""brown""><b>5<u>77</u></b></font>","67","&nbsp;","413","459","<b>646</b>","781","&nbsp;",
"30","ธันวาคม","2552","994","<font class=""brown"">3<u>04</u></font>","87","&nbsp;","<b>337</b>","419","598","<b>993</b>","&nbsp;",
"16","ธันวาคม","2552","685","<font class=""brown""><b>1<u>41</u></b></font>","05","&nbsp;","142","524","694","<b>775</b>","&nbsp;",
"1","ธันวาคม","2552","776","<font class=""brown"">9<u>80</u></font>","59","&nbsp;","<b>188</b>","<b>252</b>","412","937","&nbsp;",
"16","พฤศจิกายน","2552","055","<font class=""brown"">9<u>86</u></font>","58","&nbsp;","072","<b>299</b>","536","952","&nbsp;",
"1","พฤศจิกายน","2552","689","<font class=""brown"">1<u>40</u></font>","85","&nbsp;","<b>366</b>","465","642","923","&nbsp;",
"16","ตุลาคม","2552","258","<font class=""brown"">4<u>87</u></font>","<b>00</b>","&nbsp;","<b>122</b>","135","174","<b>226</b>","&nbsp;",
"1","ตุลาคม","2552","169","<font class=""brown"">3<u>87</u></font>","06","&nbsp;","249","<b>255</b>","435","714","&nbsp;",
"16","กันยายน","2552","202","<font class=""brown"">9<u>12</u></font>","48","&nbsp;","<b>166</b>","<b>200</b>","<b>353</b>","539","&nbsp;",
"1","กันยายน","2552","015","<font class=""brown"">8<u>65</u></font>","32","&nbsp;","435","<b>446</b>","<b>447</b>","924","&nbsp;",
"16","สิงหาคม","2552","462","<font class=""brown""><b>9<u>33</u></b></font>","96","&nbsp;","<b>292</b>","<b>577</b>","658","843","&nbsp;",
"1","สิงหาคม","2552","154","<font class=""brown"">9<u>86</u></font>","92","&nbsp;","239","374","421","<b>688</b>","&nbsp;",
"16","กรกฎาคม","2552","000","<font class=""brown"">8<u>16</u></font>","94","&nbsp;","<b>005</b>","<b>177</b>","356","836","&nbsp;",
"1","กรกฎาคม","2552","207","<font class=""brown"">5<u>42</u></font>","<b>66</b>","&nbsp;","107","<b>233</b>","385","<b>799</b>","&nbsp;",
"16","มิถุนายน","2552","930","<font class=""brown"">4<u>56</u></font>","15","&nbsp;","<b>044</b>","125","179","954","&nbsp;",
"1","มิถุนายน","2552","777","<font class=""brown""><b>6<u>61</u></b></font>","26","&nbsp;","097","240","<b>242</b>","642","&nbsp;",
"16","พฤษภาคม","2552","111","<font class=""brown""><b>4<u>11</u></b></font>","54","&nbsp;","362","368","<b>838</b>","892","&nbsp;",
"2","พฤษภาคม","2552","294","<font class=""brown"">4<u>52</u></font>","<b>11</b>","&nbsp;","<b>222</b>","301","549","947","&nbsp;",
"16","เมษายน","2552","368","<font class=""brown"">4<u>15</u></font>","<b>33</b>","&nbsp;","<b>007</b>","179","570","954","&nbsp;",
"1","เมษายน","2552","816","<font class=""brown"">5<u>78</u></font>","50","&nbsp;","<b>044</b>","<b>113</b>","<b>363</b>","572","&nbsp;",
"16","มีนาคม","2552","268","<font class=""brown"">8<u>12</u></font>","36","&nbsp;","063","<b>228</b>","<b>424</b>","<b>929</b>","&nbsp;",
"1","มีนาคม","2552","553","<font class=""brown"">0<u>91</u></font>","67","&nbsp;","<b>224</b>","238","295","<b>665</b>","&nbsp;",
"16","กุมภาพันธ์","2552","038","<font class=""brown"">7<u>30</u></font>","93","&nbsp;","<b>115</b>","<b>434</b>","<b>939</b>","961","&nbsp;",
"1","กุมภาพันธ์","2552","534","<font class=""brown""><b>5<u>33</u></b></font>","69","&nbsp;","015","427","<b>660</b>","<b>777</b>","&nbsp;",
"16","มกราคม","2552","743","<font class=""brown""><b>2<u>12</u></b></font>","25","&nbsp;","<b>266</b>","<b>800</b>","842","<b>885</b>","&nbsp;",
"30","ธันวาคม","2551","218","<font class=""brown"">5<u>96</u></font>","<b>22</b>","&nbsp;","094","197","831","984","&nbsp;",
"16","ธันวาคม","2551","074","<font class=""brown""><b>1<u>14</u></b></font>","25","&nbsp;","305","715","803","<b>959</b>","&nbsp;",
"1","ธันวาคม","2551","205","<font class=""brown""><b>4<u>34</u></b></font>","05","&nbsp;","013","260","617","957","&nbsp;",
"16","พฤศจิกายน","2551","002","<font class=""brown"">6<u>12</u></font>","20","&nbsp;","068","589","824","<b>877</b>","&nbsp;",
"1","พฤศจิกายน","2551","272","<font class=""brown"">0<u>28</u></font>","76","&nbsp;","285","<b>333</b>","421","<b>929</b>","&nbsp;",
"16","ตุลาคม","2551","431","<font class=""brown""><b>2<u>77</u></b></font>","98","&nbsp;","324","526","<b>644</b>","648","&nbsp;",
"1","ตุลาคม","2551","882","<font class=""brown""><b>9<u>11</u></b></font>","67","&nbsp;","204","302","<b>311</b>","395","&nbsp;",
"16","กันยายน","2551","012","<font class=""brown""><b>3<u>77</u></b></font>","56","&nbsp;","378","534","<b>557</b>","691","&nbsp;",
"1","กันยายน","2551","695","<font class=""brown""><b>9<u>93</u></b></font>","09","&nbsp;","027","206","413","904","&nbsp;",
"16","สิงหาคม","2551","380","<font class=""brown""><b>3<u>77</u></b></font>","36","&nbsp;","<b>161</b>","<b>445</b>","457","<b>744</b>","&nbsp;",
"1","สิงหาคม","2551","850","<font class=""brown"">3<u>48</u></font>","<b>11</b>","&nbsp;","236","386","408","913","&nbsp;",
"16","กรกฎาคม","2551","257","<font class=""brown"">3<u>74</u></font>","41","&nbsp;","<b>344</b>","401","486","576","&nbsp;",
"1","กรกฎาคม","2551","943","<font class=""brown"">6<u>71</u></font>","50","&nbsp;","096","287","490","523","&nbsp;",
"16","มิถุนายน","2551","729","<font class=""brown""><b>1<u>11</u></b></font>","75","&nbsp;","<b>339</b>","345","639","870","&nbsp;",
"1","มิถุนายน","2551","414","<font class=""brown"">8<u>75</u></font>","35","&nbsp;","370","<b>666</b>","<b>747</b>","916","&nbsp;",
"16","พฤษภาคม","2551","329","<font class=""brown"">2<u>31</u></font>","69","&nbsp;","120","193","214","<b>355</b>","&nbsp;",
"2","พฤษภาคม","2551","453","<font class=""brown""><b>0<u>11</u></b></font>","62","&nbsp;","<b>001</b>","<b>001</b>","<b>133</b>","792","&nbsp;",
"16","เมษายน","2551","982","<font class=""brown""><b>8<u>00</u></b></font>","64","&nbsp;","<b>008</b>","043","584","802","&nbsp;",
"1","เมษายน","2551","012","<font class=""brown"">6<u>53</u></font>","71","&nbsp;","124","195","<b>200</b>","586","&nbsp;",
"16","มีนาคม","2551","074","<font class=""brown"">9<u>46</u></font>","<b>33</b>","&nbsp;","<b>077</b>","085","158","974","&nbsp;",
"1","มีนาคม","2551","936","<font class=""brown"">6<u>85</u></font>","05","&nbsp;","056","085","371","691","&nbsp;",
"16","กุมภาพันธ์","2551","137","<font class=""brown"">0<u>54</u></font>","80","&nbsp;","<b>344</b>","512","630","892","&nbsp;",
"1","กุมภาพันธ์","2551","212","<font class=""brown"">6<u>84</u></font>","26","&nbsp;","<b>311</b>","472","732","796","&nbsp;",
"16","มกราคม","2551","556","<font class=""brown""><b>0<u>10</u></b></font>","81","&nbsp;","413","548","942","965","&nbsp;",
"30","ธันวาคม","2550","595","<font class=""brown""><b>4<u>11</u></b></font>","81","&nbsp;","267","490","741","<b>787</b>","&nbsp;",
"16","ธันวาคม","2550","513","<font class=""brown"">5<u>01</u></font>","96","&nbsp;","425","432","460","702","&nbsp;",
"1","ธันวาคม","2550","113","<font class=""brown"">4<u>10</u></font>","18","&nbsp;","418","485","627","659","&nbsp;",
"16","พฤศจิกายน","2550","562","<font class=""brown"">4<u>81</u></font>","73","&nbsp;","130","198","752","<b>844</b>","&nbsp;",
"1","พฤศจิกายน","2550","927","<font class=""brown"">9<u>07</u></font>","<b>88</b>","&nbsp;","213","<b>277</b>","524","648","&nbsp;",
"16","ตุลาคม","2550","032","<font class=""brown""><b>9<u>88</u></b></font>","48","&nbsp;","158","<b>663</b>","685","846","&nbsp;",
"1","ตุลาคม","2550","430","<font class=""brown""><b>6<u>67</u></b></font>","76","&nbsp;","<b>090</b>","104","126","<b>667</b>","&nbsp;",
"16","กันยายน","2550","499","<font class=""brown""><b>3<u>36</u></b></font>","45","&nbsp;","247","273","604","608","&nbsp;",
"1","กันยายน","2550","331","<font class=""brown"">8<u>10</u></font>","69","&nbsp;","293","<b>505</b>","518","520","&nbsp;",
"16","สิงหาคม","2550","476","<font class=""brown"">2<u>07</u></font>","93","&nbsp;","234","236","312","<b>424</b>","&nbsp;",
"1","สิงหาคม","2550","429","<font class=""brown"">9<u>24</u></font>","29","&nbsp;","<b>006</b>","048","<b>885</b>","962","&nbsp;",
"16","กรกฎาคม","2550","527","<font class=""brown"">3<u>84</u></font>","<b>77</b>","&nbsp;","105","183","<b>334</b>","947","&nbsp;",
"1","กรกฎาคม","2550","565","<font class=""brown""><b>1<u>51</u></b></font>","76","&nbsp;","146","287","638","<b>949</b>","&nbsp;",
"16","มิถุนายน","2550","393","<font class=""brown"">1<u>94</u></font>","41","&nbsp;","<b>424</b>","589","907","<b>989</b>","&nbsp;",
"1","มิถุนายน","2550","836","<font class=""brown""><b>3<u>93</u></b></font>","05","&nbsp;","<b>242</b>","<b>433</b>","523","739","&nbsp;",
"16","พฤษภาคม","2550","232","<font class=""brown"">8<u>97</u></font>","25","&nbsp;","<b>585</b>","751","<b>858</b>","924","&nbsp;",
"2","พฤษภาคม","2550","430","<font class=""brown"">3<u>74</u></font>","81","&nbsp;","<b>442</b>","<b>553</b>","729","<b>881</b>","&nbsp;",
"16","เมษายน","2550","405","<font class=""brown"">1<u>05</u></font>","63","&nbsp;","013","<b>522</b>","<b>866</b>","987","&nbsp;",
"1","เมษายน","2550","622","<font class=""brown"">7<u>80</u></font>","93","&nbsp;","<b>022</b>","<b>677</b>","794","814","&nbsp;",
"16","มีนาคม","2550","876","<font class=""brown"">7<u>63</u></font>","85","&nbsp;","<b>001</b>","<b>191</b>","350","906","&nbsp;",
"1","มีนาคม","2550","742","<font class=""brown"">4<u>25</u></font>","61","&nbsp;","294","801","942","<b>949</b>","&nbsp;",
"16","กุมภาพันธ์","2550","277","<font class=""brown"">8<u>59</u></font>","95","&nbsp;","384","607","625","<b>979</b>","&nbsp;",
"1","กุมภาพันธ์","2550","769","<font class=""brown"">9<u>25</u></font>","56","&nbsp;","239","287","865","893","&nbsp;",
"16","มกราคม","2550","838","<font class=""brown"">7<u>39</u></font>","<b>55</b>","&nbsp;","263","293","803","845","&nbsp;",
"30","ธันวาคม","2549","778","<font class=""brown"">5<u>84</u></font>","07","&nbsp;","164","403","<b>811</b>","971","&nbsp;",
"16","ธันวาคม","2549","147","<font class=""brown""><b>9<u>77</u></b></font>","45","&nbsp;","197","439","647","694","&nbsp;",
"1","ธันวาคม","2549","270","<font class=""brown"">0<u>52</u></font>","12","&nbsp;","091","236","462","621","&nbsp;",
"16","พฤศจิกายน","2549","562","<font class=""brown"">8<u>56</u></font>","94","&nbsp;","307","347","508","680","&nbsp;",
"1","พฤศจิกายน","2549","910","<font class=""brown"">9<u>57</u></font>","29","&nbsp;","137","647","739","905","&nbsp;",
"16","ตุลาคม","2549","264","<font class=""brown"">8<u>25</u></font>","58","&nbsp;","092","358","832","903","&nbsp;",
"1","ตุลาคม","2549","952","<font class=""brown""><b>3<u>35</u></b></font>","92","&nbsp;","<b>007</b>","804","879","951","&nbsp;",
"16","กันยายน","2549","217","<font class=""brown"">9<u>48</u></font>","41","&nbsp;","<b>121</b>","290","864","916","&nbsp;",
"1","กันยายน","2549","381","<font class=""brown"">7<u>61</u></font>","<b>44</b>","&nbsp;","093","<b>600</b>","<b>626</b>","693","&nbsp;",
"16","สิงหาคม","2549","977","<font class=""brown"">4<u>86</u></font>","91","&nbsp;","103","<b>221</b>","230","305","&nbsp;",
"1","สิงหาคม","2549","238","<font class=""brown"">6<u>54</u></font>","<b>88</b>","&nbsp;","<b>005</b>","487","817","847","&nbsp;",
"16","กรกฎาคม","2549","512","<font class=""brown""><b>4<u>34</u></b></font>","48","&nbsp;","098","432","518","<b>989</b>","&nbsp;",
"1","กรกฎาคม","2549","952","<font class=""brown"">8<u>90</u></font>","65","&nbsp;","017","126","183","839","&nbsp;",
"16","มิถุนายน","2549","100","<font class=""brown"">9<u>35</u></font>","17","&nbsp;","250","381","410","<b>595</b>","&nbsp;",
"1","มิถุนายน","2549","810","<font class=""brown"">8<u>50</u></font>","<b>99</b>","&nbsp;","149","382","526","<b>664</b>","&nbsp;",
"16","พฤษภาคม","2549","100","<font class=""brown""><b>3<u>44</u></b></font>","71","&nbsp;","386","463","<b>696</b>","<b>811</b>","&nbsp;",
"2","พฤษภาคม","2549","024","<font class=""brown""><b>5<u>54</u></b></font>","27","&nbsp;","<b>006</b>","082","<b>117</b>","438","&nbsp;",
"16","เมษายน","2549","038","<font class=""brown"">5<u>64</u></font>","49","&nbsp;","210","<b>442</b>","769","<b>877</b>","&nbsp;",
"1","เมษายน","2549","738","<font class=""brown"">3<u>65</u></font>","95","&nbsp;","064","301","<b>522</b>","<b>955</b>","&nbsp;",
"16","มีนาคม","2549","936","<font class=""brown""><b>1<u>77</u></b></font>","30","&nbsp;","185","205","320","486","&nbsp;",
"1","มีนาคม","2549","582","<font class=""brown"">4<u>73</u></font>","43","&nbsp;","108","586","801","914","&nbsp;",
"16","กุมภาพันธ์","2549","317","<font class=""brown""><b>0<u>09</u></b></font>","<b>66</b>","&nbsp;","135","240","280","784","&nbsp;",
"1","กุมภาพันธ์","2549","412","<font class=""brown"">7<u>29</u></font>","87","&nbsp;","149","384","720","915","&nbsp;",
"16","มกราคม","2549","432","<font class=""brown""><b>7<u>47</u></b></font>","79","&nbsp;","<b>200</b>","<b>222</b>","789","965","&nbsp;",
"30","ธันวาคม","2548","492","<font class=""brown""><b>9<u>55</u></b></font>","94","&nbsp;","<b>066</b>","150","308","742","&nbsp;",
"16","ธันวาคม","2548","449","<font class=""brown""><b>5<u>65</u></b></font>","86","&nbsp;","162","802","958","<b>994</b>","&nbsp;",
"1","ธันวาคม","2548","388","<font class=""brown""><b>5<u>51</u></b></font>","17","&nbsp;","027","072","764","<b>770</b>","&nbsp;",
"16","พฤศจิกายน","2548","742","<font class=""brown"">5<u>18</u></font>","80","&nbsp;","137","502","741","<b>887</b>","&nbsp;",
"1","พฤศจิกายน","2548","970","<font class=""brown""><b>5<u>77</u></b></font>","98","&nbsp;","<b>009</b>","<b>171</b>","216","375","&nbsp;",
"16","ตุลาคม","2548","041","<font class=""brown"">0<u>72</u></font>","71","&nbsp;","269","346","410","913","&nbsp;",
"1","ตุลาคม","2548","766","<font class=""brown"">4<u>82</u></font>","24","&nbsp;","275","<b>551</b>","<b>766</b>","792","&nbsp;",
"16","กันยายน","2548","214","<font class=""brown"">7<u>68</u></font>","10","&nbsp;","057","124","<b>282</b>","498","&nbsp;",
"1","กันยายน","2548","316","<font class=""brown""><b>9<u>33</u></b></font>","17","&nbsp;","047","123","<b>338</b>","<b>969</b>","&nbsp;",
"16","สิงหาคม","2548","475","<font class=""brown"">5<u>60</u></font>","68","&nbsp;","103","<b>272</b>","<b>844</b>","915","&nbsp;",
"1","สิงหาคม","2548","961","<font class=""brown""><b>6<u>33</u></b></font>","26","&nbsp;","<b>055</b>","152","<b>272</b>","386","&nbsp;",
"16","กรกฎาคม","2548","477","<font class=""brown"">4<u>52</u></font>","13","&nbsp;","150","460","642","<b>757</b>","&nbsp;",
"1","กรกฎาคม","2548","009","<font class=""brown""><b>5<u>54</u></b></font>","87","&nbsp;","<b>244</b>","427","641","798","&nbsp;",
"16","มิถุนายน","2548","793","<font class=""brown""><b>0<u>70</u></b></font>","<b>44</b>","&nbsp;","021","074","605","806","&nbsp;",
"1","มิถุนายน","2548","176","<font class=""brown"">8<u>93</u></font>","35","&nbsp;","176","405","579","<b>616</b>","&nbsp;",
"16","พฤษภาคม","2548","867","<font class=""brown"">1<u>34</u></font>","97","&nbsp;","376","465","648","693","&nbsp;",
"2","พฤษภาคม","2548","772","<font class=""brown"">4<u>67</u></font>","43","&nbsp;","071","073","<b>383</b>","815","&nbsp;",
"16","เมษายน","2548","119","<font class=""brown"">3<u>27</u></font>","10","&nbsp;","081","346","627","968","&nbsp;",
"1","เมษายน","2548","815","<font class=""brown"">7<u>53</u></font>","69","&nbsp;","<b>224</b>","381","482","807","&nbsp;",
"16","มีนาคม","2548","196","<font class=""brown"">3<u>45</u></font>","03","&nbsp;","073","394","601","783","&nbsp;",
"1","มีนาคม","2548","800","<font class=""brown"">7<u>51</u></font>","93","&nbsp;","<b>669</b>","681","714","<b>998</b>","&nbsp;",
"16","กุมภาพันธ์","2548","816","<font class=""brown""><b>4<u>22</u></b></font>","53","&nbsp;","065","086","192","356","&nbsp;",
"1","กุมภาพันธ์","2548","540","<font class=""brown"">0<u>54</u></font>","34","&nbsp;","180","389","571","863","&nbsp;",
"16","มกราคม","2548","335","<font class=""brown""><b>0<u>22</u></b></font>","08","&nbsp;","039","291","479","689","&nbsp;",
"30","ธันวาคม","2547","168","<font class=""brown""><b>8<u>58</u></b></font>","28","&nbsp;","179","<b>221</b>","603","627","&nbsp;",
"16","ธันวาคม","2547","479","<font class=""brown"">3<u>72</u></font>","17","&nbsp;","075","183","<b>288</b>","<b>999</b>","&nbsp;",
"1","ธันวาคม","2547","504","<font class=""brown"">6<u>58</u></font>","69","&nbsp;","014","139","691","984","&nbsp;",
"16","พฤศจิกายน","2547","754","<font class=""brown""><b>6<u>22</u></b></font>","64","&nbsp;","019","<b>744</b>","904","918","&nbsp;",
"1","พฤศจิกายน","2547","185","<font class=""brown""><b>9<u>66</u></b></font>","23","&nbsp;","137","<b>661</b>","745","862","&nbsp;",
"16","ตุลาคม","2547","355","<font class=""brown""><b>8<u>58</u></b></font>","62","&nbsp;","162","<b>200</b>","438","890","&nbsp;",
"1","ตุลาคม","2547","110","<font class=""brown""><b>8<u>66</u></b></font>","<b>66</b>","&nbsp;","<b>200</b>","547","781","806","&nbsp;",
"16","กันยายน","2547","923","<font class=""brown""><b>3<u>73</u></b></font>","59","&nbsp;","295","<b>774</b>","867","<b>888</b>","&nbsp;",
"1","กันยายน","2547","096","<font class=""brown"">5<u>97</u></font>","70","&nbsp;","014","456","709","<b>929</b>","&nbsp;",
"16","สิงหาคม","2547","335","<font class=""brown"">9<u>21</u></font>","59","&nbsp;","082","<b>114</b>","<b>288</b>","<b>559</b>","&nbsp;",
"2","สิงหาคม","2547","868","<font class=""brown""><b>9<u>90</u></b></font>","45","&nbsp;","<b>377</b>","510","<b>811</b>","956","&nbsp;",
"16","กรกฎาคม","2547","205","<font class=""brown""><b>5<u>88</u></b></font>","25","&nbsp;","154","461","<b>696</b>","726","&nbsp;",
"1","กรกฎาคม","2547","312","<font class=""brown"">4<u>71</u></font>","<b>66</b>","&nbsp;","261","<b>313</b>","598","<b>664</b>","&nbsp;",
"16","มิถุนายน","2547","208","<font class=""brown"">7<u>13</u></font>","87","&nbsp;","<b>414</b>","459","<b>911</b>","986","&nbsp;",
"1","มิถุนายน","2547","614","<font class=""brown""><b>1<u>44</u></b></font>","72","&nbsp;","425","<b>776</b>","<b>990</b>","<b>992</b>","&nbsp;",
"16","พฤษภาคม","2547","589","<font class=""brown"">2<u>07</u></font>","13","&nbsp;","253","492","526","<b>992</b>","&nbsp;",
"2","พฤษภาคม","2547","653","<font class=""brown"">4<u>03</u></font>","91","&nbsp;","<b>101</b>","385","<b>550</b>","<b>822</b>","&nbsp;",
"16","เมษายน","2547","705","<font class=""brown"">8<u>32</u></font>","12","&nbsp;","<b>008</b>","721","721","<b>966</b>","&nbsp;",
"1","เมษายน","2547","196","<font class=""brown"">3<u>91</u></font>","62","&nbsp;","257","<b>808</b>","851","918","&nbsp;",
"16","มีนาคม","2547","615","<font class=""brown""><b>3<u>66</u></b></font>","69","&nbsp;","094","478","<b>779</b>","830","&nbsp;",
"1","มีนาคม","2547","697","<font class=""brown"">4<u>83</u></font>","50","&nbsp;","206","510","610","759","&nbsp;",
"16","กุมภาพันธ์","2547","698","<font class=""brown""><b>0<u>02</u></b></font>","<b>00</b>","&nbsp;","072","309","798","<b>877</b>","&nbsp;",
"1","กุมภาพันธ์","2547","216","<font class=""brown""><b>8<u>22</u></b></font>","<b>77</b>","&nbsp;","<b>242</b>","361","469","765","&nbsp;",
"16","มกราคม","2547","731","<font class=""brown"">3<u>42</u></font>","96","&nbsp;","025","357","391","926","&nbsp;",
"30","ธันวาคม","2546","739","<font class=""brown""><b>4<u>47</u></b></font>","64","&nbsp;","216","435","654","743","&nbsp;",
"16","ธันวาคม","2546","177","<font class=""brown"">9<u>47</u></font>","87","&nbsp;","571","<b>676</b>","735","847","&nbsp;",
"1","ธันวาคม","2546","991","<font class=""brown"">3<u>07</u></font>","78","&nbsp;","217","<b>559</b>","719","945","&nbsp;",
"16","พฤศจิกายน","2546","238","<font class=""brown""><b>5<u>11</u></b></font>","68","&nbsp;","<b>155</b>","<b>474</b>","594","<b>767</b>","&nbsp;",
"1","พฤศจิกายน","2546","941","<font class=""brown"">4<u>38</u></font>","47","&nbsp;","156","216","264","<b>866</b>","&nbsp;",
"16","ตุลาคม","2546","305","<font class=""brown""><b>5<u>00</u></b></font>","03","&nbsp;","012","084","109","470","&nbsp;",
"1","ตุลาคม","2546","912","<font class=""brown""><b>0<u>40</u></b></font>","43","&nbsp;","<b>100</b>","379","407","563","&nbsp;",
"16","กันยายน","2546","600","<font class=""brown"">5<u>89</u></font>","53","&nbsp;","356","<b>494</b>","<b>909</b>","<b>996</b>","&nbsp;",
"1","กันยายน","2546","187","<font class=""brown"">8<u>13</u></font>","92","&nbsp;","249","<b>661</b>","793","918","&nbsp;",
"16","สิงหาคม","2546","354","<font class=""brown""><b>7<u>71</u></b></font>","<b>00</b>","&nbsp;","206","271","496","624","&nbsp;",
"1","สิงหาคม","2546","766","<font class=""brown"">0<u>98</u></font>","91","&nbsp;","<b>007</b>","460","<b>733</b>","856","&nbsp;",
"16","กรกฎาคม","2546","679","<font class=""brown""><b>5<u>45</u></b></font>","75","&nbsp;","049","281","<b>363</b>","589","&nbsp;",
"1","กรกฎาคม","2546","461","<font class=""brown""><b>4<u>14</u></b></font>","91","&nbsp;","<b>151</b>","<b>282</b>","395","<b>878</b>","&nbsp;",
"16","มิถุนายน","2546","389","<font class=""brown"">8<u>72</u></font>","29","&nbsp;","<b>006</b>","605","<b>922</b>","<b>995</b>","&nbsp;",
"1","มิถุนายน","2546","766","<font class=""brown""><b>0<u>66</u></b></font>","36","&nbsp;","083","354","523","<b>686</b>","&nbsp;",
"16","พฤษภาคม","2546","552","<font class=""brown"">7<u>84</u></font>","20","&nbsp;","048","362","608","<b>699</b>","&nbsp;",
"2","พฤษภาคม","2546","135","<font class=""brown"">6<u>03</u></font>","12","&nbsp;","386","498","<b>522</b>","870","&nbsp;",
"16","เมษายน","2546","892","<font class=""brown""><b>5<u>25</u></b></font>","21","&nbsp;","796","823","906","<b>933</b>","&nbsp;",
"1","เมษายน","2546","933","<font class=""brown"">1<u>64</u></font>","86","&nbsp;","467","732","863","902","&nbsp;",
"16","มีนาคม","2546","653","<font class=""brown"">0<u>62</u></font>","64","&nbsp;","038","208","702","820","&nbsp;",
"1","มีนาคม","2546","441","<font class=""brown""><b>0<u>22</u></b></font>","42","&nbsp;","026","<b>322</b>","628","<b>707</b>","&nbsp;",
"16","กุมภาพันธ์","2546","455","<font class=""brown"">5<u>78</u></font>","61","&nbsp;","496","805","857","980","&nbsp;",
"1","กุมภาพันธ์","2546","456","<font class=""brown"">3<u>70</u></font>","94","&nbsp;","<b>229</b>","429","<b>661</b>","806","&nbsp;",
"16","มกราคม","2546","997","<font class=""brown"">0<u>85</u></font>","06","&nbsp;","<b>262</b>","<b>441</b>","519","<b>535</b>","&nbsp;",
"30","ธันวาคม","2545","895","<font class=""brown"">1<u>96</u></font>","95","&nbsp;","<b>116</b>","<b>191</b>","609","689","&nbsp;",
"16","ธันวาคม","2545","019","<font class=""brown"">6<u>82</u></font>","67","&nbsp;","075","312","<b>616</b>","849","&nbsp;",
"1","ธันวาคม","2545","968","<font class=""brown""><b>4<u>22</u></b></font>","37","&nbsp;","<b>088</b>","298","<b>337</b>","809","&nbsp;",
"16","พฤศจิกายน","2545","915","<font class=""brown""><b>3<u>44</u></b></font>","<b>55</b>","&nbsp;","<b>191</b>","789","843","906","&nbsp;",
"1","พฤศจิกายน","2545","505","<font class=""brown"">4<u>98</u></font>","25","&nbsp;","297","341","<b>383</b>","<b>747</b>","&nbsp;",
"16","ตุลาคม","2545","428","<font class=""brown"">6<u>41</u></font>","51","&nbsp;","150","<b>177</b>","<b>244</b>","401","&nbsp;",
"1","ตุลาคม","2545","802","<font class=""brown""><b>5<u>05</u></b></font>","72","&nbsp;","189","358","567","864","&nbsp;",
"16","กันยายน","2545","156","<font class=""brown""><b>0<u>50</u></b></font>","85","&nbsp;","056","169","823","<b>889</b>","&nbsp;",
